{
	"class_name" : "PinholeCameraParameters",
	"extrinsic" : 
	[
		0.83211994160625924,
		-0.082551939091488405,
		-0.54841734120415164,
		0.0,
		-0.54041217427971555,
		-0.34290157665811083,
		-0.76835746278386097,
		0.0,
		-0.12462377249732885,
		0.93573697483727614,
		-0.32994731284087936,
		0.0,
		-0.45120481233909171,
		-0.61552045824643242,
		7.8201332364761136,
		1.0
	],
	"intrinsic" : 
	{
		"height" : 752,
		"intrinsic_matrix" : 
		[
			651.25110364589796,
			0.0,
			0.0,
			0.0,
			651.25110364589796,
			0.0,
			692.5,
			375.5,
			1.0
		],
		"width" : 1386
	},
	"version_major" : 1,
	"version_minor" : 0
}